vehicle,mileage,price
2017 Toyota Corolla SE,"75,540 mi.","$15,946"
2019 Toyota Corolla LE,"57,206 mi.","$17,378"
2020 Toyota Corolla LE,"20,182 mi.","$20,580"
2020 Toyota Corolla LE,"50,398 mi.","$19,000"
2019 Toyota Corolla LE,"60,156 mi.","$18,990"
2017 Toyota Corolla LE,"56,746 mi.","$18,749"
2019 Toyota Corolla LE,"46,735 mi.","$22,469"
2017 Toyota Corolla SE,"39,219 mi.","$18,989"
2018 Toyota Corolla LE,"43,458 mi.","$19,687"
2020 Toyota Corolla LE,"62,077 mi.","$18,322"
2020 Toyota Corolla LE,"22,002 mi.","$22,405"
2019 Toyota Corolla L,"47,231 mi.","$19,944"
2020 Toyota Corolla LE,"45,882 mi.","$19,500"
2020 Toyota Corolla LE,"22,561 mi.","$21,009"
2019 Toyota Corolla LE,"32,166 mi.","$19,316"
2020 Toyota Corolla LE,"19,208 mi.","$20,789"
2020 Toyota Corolla LE,"21,620 mi.","$23,988"
2019 Toyota Corolla LE,"47,944 mi.","$18,289"
2020 Toyota Corolla LE,"26,738 mi.","$19,911"
2019 Toyota Corolla LE,"45,178 mi.","$19,000"
2016 Toyota Corolla LE,"75,408 mi.","$14,854"
2016 Toyota Corolla LE Plus,"60,934 mi.","$13,991"
2019 Toyota Corolla LE,"7,623 mi.","$22,960"
2016 Toyota Corolla LE,"81,300 mi.","$15,934"
2020 Toyota Corolla LE,"56,776 mi.","$19,990"
2020 Toyota Corolla LE,"31,820 mi.","$20,000"
2019 Toyota Corolla LE,"56,657 mi.","$19,520"
2018 Toyota Corolla LE,"62,480 mi.","$17,990"
2020 Toyota Corolla LE,"27,775 mi.","$21,990"
2017 Toyota Corolla LE,"83,396 mi.","$14,800"
2020 Toyota Corolla LE,"35,306 mi.","$21,887"
2019 Toyota Corolla LE,"48,732 mi.","$20,987"
2019 Toyota Corolla LE,"32,110 mi.","$20,488"
2018 Toyota Corolla LE,"59,312 mi.","$17,303"
2020 Toyota Corolla LE,"6,471 mi.","$22,999"
2021 Toyota Corolla SE,"28,416 mi.","$23,876"
2018 Toyota Corolla LE,"67,227 mi.","$16,991"
2020 Toyota Corolla LE,"12,398 mi.","$21,816"
2017 Toyota Corolla SE,"44,893 mi.","$23,481"
2019 Toyota Corolla ,"38,936 mi.","$22,000"
2020 Toyota Corolla SE,"39,207 mi.","$23,515"
2021 Toyota Corolla SE,"30,199 mi.","$23,777"
2021 Toyota Corolla LE,"35,211 mi.","$23,199"
2017 Toyota Corolla LE,"35,830 mi.","$17,990"
2019 Toyota Corolla SE,"42,292 mi.","$19,997"
2019 Toyota Corolla SE,"44,598 mi.","$19,000"
2020 Toyota Corolla SE,"38,364 mi.","$21,646"
2019 Toyota Corolla LE,"31,316 mi.","$17,588"
2020 Toyota Corolla SE,"25,836 mi.","$24,999"
2020 Toyota Corolla LE,"31,286 mi.","$21,189"
2020 Toyota Corolla SE,"41,628 mi.","$25,481"
2017 Toyota Corolla LE,"19,753 mi.","$18,499"
2018 Toyota Corolla SE,"39,680 mi.","$19,991"
2015 Toyota Corolla LE Plus,"101,472 mi.","$11,195"
2020 Toyota Corolla LE,"13,167 mi.","$21,500"
2017 Toyota Corolla L,"81,396 mi.","$15,593"
2018 Toyota Corolla LE,"26,350 mi.","$23,988"
2021 Toyota Corolla LE,"14,812 mi.","$21,500"
2019 Toyota Corolla XSE,"32,488 mi.","$21,599"
2020 Toyota Corolla LE,"26,221 mi.","$21,614"
2008 Toyota Corolla CE,"194,681 mi.","$5,999"
2018 Toyota Corolla LE,"26,601 mi.","$19,899"
2021 Toyota Corolla LE,"8,593 mi.","$19,891"
2019 Toyota Corolla LE,"46,820 mi.","$17,499"
2019 Toyota Corolla LE,"57,458 mi.","$19,520"
2016 Toyota Corolla S Plus,"34,157 mi.","$18,000"
2019 Toyota Corolla LE,"60,475 mi.","$17,483"
2017 Toyota Corolla L,"61,355 mi.","$17,999"
2015 Toyota Corolla LE,"91,430 mi.","$13,551"
2019 Toyota Corolla LE,"59,616 mi.","$17,200"
2019 Toyota Corolla ,"66,477 mi.","$21,795"
2019 Toyota Corolla SE,"28,644 mi.","$19,821"
2021 Toyota Corolla LE,"7,644 mi.","$21,981"
2018 Toyota Corolla SE,"73,247 mi.","$16,395"
2021 Toyota Corolla LE,"18,616 mi.","$23,700"
2021 Toyota Corolla LE,"15,713 mi.","$22,191"
2020 Toyota Corolla XSE,"8,056 mi.","$27,690"
2020 Toyota Corolla SE,"19,395 mi.","$24,000"
2021 Toyota Corolla SE,"6,684 mi.","$25,722"
2020 Toyota Corolla LE,"55,554 mi.","$19,590"
2019 Toyota Corolla LE,"59,799 mi.","$18,520"
2017 Toyota Corolla 50TH ANNIVERSARY EDITION,"90,761 mi.","$16,900"
2016 Toyota Corolla S Special,"60,018 mi.","$16,999"
2016 Toyota Corolla S Plus,"54,977 mi.","$17,000"
2008 Toyota Corolla ,"128,000 mi.","$6,694"
2019 Toyota Corolla L,"49,676 mi.","$21,012"
2020 Toyota Corolla SE,"27,419 mi.","$26,481"
2017 Toyota Corolla SE,"52,936 mi.","$16,499"
2018 Toyota Corolla L,"51,681 mi.","$18,722"
2016 Toyota Corolla L,"59,991 mi.","$15,916"
2017 Toyota Corolla L,"46,195 mi.","$19,691"
2018 Toyota Corolla L,"56,795 mi.","$18,995"
2018 Toyota Corolla SE,"50,454 mi.","$17,686"
2017 Toyota Corolla LE,"59,942 mi.","$15,443"
2015 Toyota Corolla ,"72,094 mi.","$16,990"
2014 Toyota Corolla L,"54,157 mi.","$16,990"
2021 Toyota Corolla LE,"3,310 mi.","$22,988"
2021 Toyota Corolla Nightshade,"2,473 mi.","$24,587"
2021 Toyota Corolla LE,"7,985 mi.","$24,500"
2011 Toyota Corolla L,"133,692 mi.","$9,899"
2020 Toyota Corolla SE,"3,903 mi.","$23,500"
2019 Toyota Corolla LE,"63,785 mi.","$17,399"
2015 Toyota Corolla LE Plus,"7,464 mi.","$19,990"
2016 Toyota Corolla LE,"93,583 mi.","$15,499"
2020 Toyota Corolla LE,"44,355 mi.","$21,888"
2012 Toyota Corolla LE,"108,412 mi.","$9,950"
2019 Toyota Corolla SE,"48,809 mi.","$19,874"
2011 Toyota Corolla LE,"72,528 mi.","$11,821"
2021 Toyota Corolla SE,"6,387 mi.","$24,988"
2013 Toyota Corolla S,"91,532 mi.","$12,399"
2017 Toyota Corolla LE,"42,381 mi.","$14,399"
2017 Toyota Corolla LE,"63,195 mi.","$15,999"
2020 Toyota Corolla LE,"26,370 mi.","$22,900"
2014 Toyota Corolla S Plus,"66,381 mi.","$16,481"
2006 Toyota Corolla CE,"116,109 mi.","$5,937"
2006 Toyota Corolla CE,"191,571 mi.","$3,800"
2014 Toyota Corolla S,"105,478 mi.","$14,888"
2010 Toyota Corolla LE,"97,365 mi.","$9,495"
2016 Toyota Corolla LE,"69,625 mi.","$13,997"
2018 Toyota Corolla LE,"61,380 mi.","$16,957"
2011 Toyota Corolla LE,"173,637 mi.","$7,419"
2019 Toyota Corolla LE,"23,273 mi.","$22,980"
2014 Toyota Corolla LE ECO,"22,595 mi.","$18,990"
2018 Toyota Corolla SE,"25,142 mi.","$20,590"
2017 Toyota Corolla XLE,"59,839 mi.","$17,999"
2020 Toyota Corolla LE,"43,815 mi.","$22,398"
2020 Toyota Corolla LE,"43,073 mi.","$22,887"
2019 Toyota Corolla LE,"27,376 mi.","$18,989"
2017 Toyota Corolla LE,"66,216 mi.","$15,995"
2011 Toyota Corolla LE,"90,199 mi.","$11,981"
2016 Toyota Corolla LE,"38,410 mi.","$17,499"
2019 Toyota Corolla LE,"42,806 mi.","$17,999"
2019 Toyota Corolla LE,"35,574 mi.","$18,990"
2021 Toyota Corolla SE,"6,058 mi.","$22,000"
2019 Toyota Corolla LE,"42,026 mi.","$17,998"
2017 Toyota Corolla L,"48,000 mi.","$17,995"
2016 Toyota Corolla S Plus,"103,358 mi.","$13,795"
2021 Toyota Corolla LE,"7,152 mi.","$23,937"
2019 Toyota Corolla LE,"61,041 mi.","$17,063"
2018 Toyota Corolla LE,"97,381 mi.","$12,491"
2018 Toyota Corolla LE,"34,124 mi.","$15,791"
2015 Toyota Corolla L,"40,601 mi.","$16,990"
2016 Toyota Corolla L,"52,427 mi.","$16,990"
2014 Toyota Corolla LE,"54,554 mi.","$15,990"
2019 Toyota Corolla LE,"58,863 mi.","$18,495"
2015 Toyota Corolla LE,"67,442 mi.","$15,499"
2019 Toyota Corolla LE,"43,091 mi.","$21,887"
2020 Toyota Corolla LE,"44,906 mi.","$21,887"
2020 Toyota Corolla LE,"14,159 mi.","$18,847"
2013 Toyota Corolla ,"62,720 mi.","$12,995"
2014 Toyota Corolla S,"62,608 mi.","$14,395"
2013 Toyota Corolla LE,"72,345 mi.","$13,895"
2011 Toyota Corolla S,"176,675 mi.","$8,495"
2020 Toyota Corolla LE,"35,165 mi.","$22,981"
2020 Toyota Corolla LE,"22,794 mi.","$22,500"
2017 Toyota Corolla XSE,"38,360 mi.","$21,998"
2016 Toyota Corolla EDITION,"72,702 mi.","$17,998"
2019 Toyota Corolla LE,"17,191 mi.","$22,457"
2018 Toyota Corolla L,"23,501 mi.","$21,599"
2018 Toyota Corolla L,"31,141 mi.","$20,599"
2020 Toyota Corolla LE,"56,598 mi.","$18,480"
2017 Toyota Corolla L,"22,793 mi.","$19,990"
2011 Toyota Corolla S,"29,735 mi.","$15,590"
2016 Toyota Corolla LE,"31,103 mi.","$17,990"
2015 Toyota Corolla LE,"44,417 mi.","$16,990"
2019 Toyota Corolla LE,"20,466 mi.","$18,990"
2010 Toyota Corolla ,"53,660 mi.","$16,590"
2013 Toyota Corolla S,"52,354 mi.","$16,590"
2015 Toyota Corolla L,"81,315 mi.","$15,500"
2020 Toyota Corolla SE,"35,938 mi.","$24,424"
2016 Toyota Corolla L,"68,637 mi.","$16,899"
2019 Toyota Corolla LE,"59,256 mi.","$17,430"
2017 Toyota Corolla L,"57,980 mi.","$17,000"
2020 Toyota Corolla SE,"21,808 mi.","$20,918"
2016 Toyota Corolla S Plus,"49,436 mi.","$17,999"
2020 Toyota Corolla LE,"21,747 mi.","$20,800"
2015 Toyota Corolla S Plus,"43,344 mi.","$17,590"
2020 Toyota Corolla SE,"16,998 mi.","$23,000"
2021 Toyota Corolla LE,"3,695 mi.","$22,999"
2020 Toyota Corolla LE,"21,727 mi.","$22,599"
2019 Toyota Corolla LE,"62,598 mi.","$16,905"
2011 Toyota Corolla LE,"104,683 mi.","$15,590"
2020 Toyota Corolla LE,"56,582 mi.","$18,480"
2019 Toyota Corolla LE,"58,260 mi.","$17,273"
2017 Toyota Corolla LE,"80,405 mi.","$16,977"
2014 Toyota Corolla S Plus,"101,158 mi.","$14,798"
2020 Toyota Corolla LE,"31,480 mi.","$21,500"
2018 Toyota Corolla L,"85,845 mi.","$19,995"
2014 Toyota Corolla S+,"96,082 mi.","$13,995"
2015 Toyota Corolla S,"132,577 mi.","$12,495"
2011 Toyota Corolla S,"116,531 mi.","$10,495"
2020 Toyota Corolla LE,"13,168 mi.","$21,229"
2020 Toyota Corolla LE,"21,233 mi.","$24,000"
2009 Toyota Corolla ,"177,996 mi.","$6,495"
2016 Toyota Corolla S Plus,"68,500 mi.","$16,500"
2018 Toyota Corolla LE,"54,692 mi.","$17,175"
2019 Toyota Corolla LE,"58,588 mi.","$17,333"
2020 Toyota Corolla LE,"31,567 mi.","$21,500"
2020 Toyota Corolla LE,"64,372 mi.","$20,899"
2018 Toyota Corolla SE,703 mi.,"$23,998"
2012 Toyota Corolla RON,"91,111 mi.","$13,995"
2015 Toyota Corolla S Plus,"45,318 mi.","$16,590"
2016 Toyota Corolla S,"62,116 mi.","$16,495"
2016 Toyota Corolla S,"81,199 mi.","$15,195"
2019 Toyota Corolla SE,"46,628 mi.","$19,000"
2013 Toyota Corolla L,"66,184 mi.","$11,891"
2016 Toyota Corolla S,"80,384 mi.","$15,195"
2010 Toyota Corolla FINANCE,"104,359 mi.","$10,995"
2018 Toyota Corolla LE,"79,000 mi.","$15,995"
2019 Toyota Corolla LE,"35,473 mi.","$23,000"
2020 Toyota Corolla SE,"46,214 mi.","$21,924"
2013 Toyota Corolla LE,"102,000 mi.","$11,950"
2018 Toyota Corolla LE,"56,974 mi.","$17,100"
2009 Toyota Corolla XRS,"170,911 mi.","$6,990"
2019 Toyota Corolla LE,"52,024 mi.","$18,000"
2003 Toyota Corolla LE,"230,133 mi.","$4,999"
2017 Toyota Corolla ,"58,872 mi.","$17,988"
2020 Toyota Corolla LE,"21,233 mi.","$24,000"
2013 Toyota Corolla LE,"104,047 mi.","$11,874"
2018 Toyota Corolla LE,"20,511 mi.","$20,545"
2019 Toyota Corolla LE,"9,123 mi.","$22,925"
2022 Toyota Corolla SE,10 mi.,"$24,769"
2010 Toyota Corolla LE,"84,102 mi.","$10,988"
2017 Toyota Corolla L,"68,075 mi.","$17,977"
2018 Toyota Corolla L,"62,718 mi.","$18,500"
2008 Toyota Corolla CE,"141,960 mi.","$7,995"
2013 Toyota Corolla LE,"97,733 mi.","$8,691"
2020 Toyota Corolla LE,"25,039 mi.","$22,501"
2007 Toyota Corolla CE,"179,415 mi.","$5,995"
2018 Toyota Corolla LE,"89,532 mi.","$17,573"
2011 Toyota Corolla S,"146,162 mi.","$9,999"
2019 Toyota Corolla LE,"52,002 mi.","$21,793"
2019 Toyota Corolla LE,"46,374 mi.","$21,886"
2020 Toyota Corolla LE,"34,220 mi.","$22,518"
2020 Toyota Corolla SE,"12,510 mi.","$26,888"
2021 Toyota Corolla LE,"7,517 mi.","$24,488"
2014 Toyota Corolla LE ECO,"73,326 mi.","$13,999"
2019 Toyota Corolla LE,"44,323 mi.","$18,900"
2019 Toyota Corolla LE,"44,323 mi.","$18,900"
2019 Toyota Corolla LE,"59,652 mi.","$17,588"
2016 Toyota Corolla S Plus,"130,064 mi.","$13,999"
2016 Toyota Corolla LE ECO Plus,"54,481 mi.","$13,995"
2015 Toyota Corolla S,"89,566 mi.","$14,000"
2018 Toyota Corolla LE,"47,491 mi.","$20,311"
2020 Toyota Corolla SE,"32,290 mi.","$26,391"
2019 Toyota Corolla LE,"29,775 mi.","$21,311"
2021 Toyota Corolla SE,"2,805 mi.","$27,811"
2017 Toyota Corolla LE,"63,300 mi.","$18,311"
2019 Toyota Corolla LE,"10,261 mi.","$23,311"
2020 Toyota Corolla LE,"11,827 mi.","$23,911"
2016 Toyota Corolla L,"60,956 mi.","$17,911"
2020 Toyota Corolla LE,"47,633 mi.","$20,050"
2016 Toyota Corolla S Plus,"74,895 mi.","$23,000"
2019 Toyota Corolla SE,"27,481 mi.","$24,000"
2019 Toyota Corolla LE,"3,846 mi.","$22,000"
2020 Toyota Corolla LE,"13,824 mi.","$22,998"
2015 Toyota Corolla S Plus,"86,363 mi.","$11,490"
2020 Toyota Corolla SE,"6,773 mi.","$22,985"
2009 Toyota Corolla JOE,"97,160 mi.","$11,495"
2007 Toyota Corolla FINANCE,"97,513 mi.","$9,995"
2009 Toyota Corolla ,"103,842 mi.","$9,495"
2019 Toyota Corolla LE,"60,371 mi.","$17,300"
2017 Toyota Corolla LE,"39,770 mi.","$14,299"
2017 Toyota Corolla LE,"36,926 mi.","$14,299"
2018 Toyota Corolla LE,"31,622 mi.","$15,399"
2018 Toyota Corolla LE,"46,462 mi.","$18,989"
2020 Toyota Corolla SE,"9,821 mi.","$26,981"
2017 Toyota Corolla XLE,"67,104 mi.","$19,981"
2017 Toyota Corolla SE,"99,147 mi.","$17,986"
2015 Toyota Corolla S Plus,"78,937 mi.","$15,981"
2017 Toyota Corolla SE,"90,316 mi.",Not Priced
2018 Toyota Corolla LE,"64,366 mi.",Not Priced
2020 Toyota Corolla SE,"45,329 mi.","$26,995"
2010 Toyota Corolla LE,"122,462 mi.","$10,995"
2020 Toyota Corolla LE,"34,946 mi.",Not Priced
2018 Toyota Corolla SE,"33,840 mi.","$23,995"
2020 Toyota Corolla LE,"12,677 mi.","$21,995"
2020 Toyota Corolla LE,"9,757 mi.","$23,411"
2016 Toyota Corolla ,"100,080 mi.",Not Priced
2020 Toyota Corolla SE,"14,979 mi.","$23,998"
2006 Toyota Corolla LE,"185,000 mi.","$5,088"
2011 Toyota Corolla S,"132,087 mi.",Not Priced
2013 Toyota Corolla L,"75,455 mi.","$12,972"
2017 Toyota Corolla ,"18,266 mi.","$22,340"
2017 Toyota Corolla ,"84,305 mi.","$17,390"
2016 Toyota Corolla LE,"78,000 mi.","$12,995"
2011 Toyota Corolla LE,"153,781 mi.","$8,795"
2018 Toyota Corolla SE,"38,224 mi.",Not Priced
2021 Toyota Corolla LE,"3,446 mi.","$22,999"
2019 Toyota Corolla SE,"37,186 mi.","$20,599"
2016 Toyota Corolla LE Plus,"51,489 mi.",Not Priced
2012 Toyota Corolla S,"113,834 mi.","$8,999"
2018 Toyota Corolla LE,"62,530 mi.",Not Priced
2020 Toyota Corolla SE,"36,440 mi.","$24,019"
2020 Toyota Corolla LE,"18,725 mi.",Not Priced
2019 Toyota Corolla LE,"16,455 mi.","$21,548"
